,Rk_g_y1,Player,Age_g_y1,Team_g_y1,Pos_g_y1,G_g_y1,GS_g_y1,MP_g_y1,FG_y1,FGA_y1,FG%_y1,3P_y1,3PA_y1,3P%_y1,2P_y1,2PA_y1,2P%_y1,eFG%_y1,FT_y1,FTA_y1,FT%_y1,ORB_y1,DRB_y1,TRB_y1,AST_y1,STL_y1,BLK_y1,TOV_y1,PF_y1,PTS_y1,Season_y1,Age_a_y1,MP_a_y1,PER_y1,TS%_y1,3PAr_y1,FTr_y1,ORB%_y1,DRB%_y1,TRB%_y1,AST%_y1,STL%_y1,BLK%_y1,TOV%_y1,USG%_y1,OWS_y1,DWS_y1,WS_y1,WS/48_y1,OBPM_y1,DBPM_y1,BPM_y1,VORP_y1,FG_p_y1,FGA_p_y1,FG%_p_y1,3P_p_y1,3PA_p_y1,3P%_p_y1,2P_p_y1,2PA_p_y1,2P%_p_y1,eFG%_p_y1,FT_p_y1,FTA_p_y1,FT%_p_y1,ORB_p_y1,DRB_p_y1,TRB_p_y1,AST_p_y1,STL_p_y1,BLK_p_y1,TOV_p_y1,PF_p_y1,PTS_p_y1,ORtg_y1,DRtg_y1,AS_After_Year_Two,Images,team,logo,team_abbr
0,120.0,Ace Bailey,19.0,UTA,SF,72.0,61.0,27.6,5.5,12.4,0.443,1.9,5.5,0.344,3.6,6.9,0.522,0.52,0.9,1.2,0.75,1.4,2.8,4.2,1.8,0.8,0.7,1.5,2.7,13.8,2026,19.0,1988.0,11.6,0.533,0.446,0.099,5.5,11.0,8.2,9.7,1.4,2.4,10.3,21.4,-0.4,0.3,-0.1,-0.001,-1.9,-2.5,-4.4,-1.2,9.3,21.1,0.443,3.2,9.4,0.344,6.1,11.7,0.522,0.52,1.6,2.1,0.75,2.5,4.7,7.1,3.1,1.4,1.2,2.5,4.6,23.4,105.0,124.0,,https://cdn.nba.com/headshots/nba/latest/1040x760/1642846.png,Utah Jazz,https://cdn.nba.com/logos/nba/1610612762/primary/L/logo.svg,UTA
1,539.0,Adou Thiero,21.0,LAL,SF,25.0,0.0,6.0,0.6,1.2,0.516,0.0,0.1,0.333,0.6,1.1,0.536,0.532,0.6,0.9,0.636,0.4,0.8,1.1,0.4,0.3,0.1,0.4,0.8,1.9,2026,21.0,149.0,10.7,0.578,0.097,0.71,7.3,14.4,11.0,8.7,2.3,1.2,18.1,14.6,0.1,0.2,0.2,0.071,-4.2,-0.2,-4.4,-0.1,5.2,10.2,0.516,0.3,1.0,0.333,4.9,9.2,0.536,0.532,4.6,7.2,0.636,2.9,6.2,9.2,3.3,2.3,0.7,2.9,6.2,15.4,111.0,116.0,,https://cdn.nba.com/headshots/nba/latest/1040x760/1642876.png,Los Angeles Lakers,https://cdn.nba.com/logos/nba/1610612747/primary/L/logo.svg,LAL
2,483.0,Alex Antetokounmpo,24.0,MIL,SF,6.0,0.0,3.5,0.5,1.3,0.375,0.3,1.2,0.286,0.2,0.2,1.0,0.5,1.8,2.5,0.733,0.3,0.7,1.0,0.2,0.0,0.2,0.2,0.2,3.2,2026,24.0,21.0,28.6,0.651,0.875,1.875,10.9,21.4,16.2,6.8,0.0,4.8,6.4,32.8,0.1,0.0,0.1,0.282,7.3,-1.9,5.4,0.0,7.0,18.7,0.375,4.7,16.4,0.286,2.3,2.3,1.0,0.5,25.8,35.1,0.733,4.7,9.4,14.1,2.3,0.0,2.3,2.3,2.3,44.5,136.0,119.0,,https://cdn.nba.com/headshots/nba/latest/1040x760/1630828.png,Milwaukee Bucks,https://cdn.nba.com/logos/nba/1610612749/primary/L/logo.svg,MIL
3,517.0,Alex Ducas,24.0,OKC,SG,21.0,0.0,6.0,0.6,1.4,0.4,0.5,1.0,0.476,0.1,0.4,0.222,0.567,0.1,0.1,1.0,0.4,0.8,1.2,0.2,0.2,0.0,0.2,0.6,1.7,2025,24.0,125.0,10.1,0.583,0.7,0.067,7.9,14.3,11.2,4.8,1.9,0.0,11.5,11.8,0.1,0.2,0.3,0.125,-2.1,0.1,-2.0,0.0,4.6,11.5,0.4,3.8,8.1,0.476,0.8,3.5,0.222,0.567,0.8,0.8,1.0,3.5,6.5,10.0,1.9,1.9,0.0,1.5,4.6,13.8,120.0,110.0,,https://cdn.nba.com/headshots/nba/latest/1040x760/1642505.png,Oklahoma City Thunder,https://cdn.nba.com/logos/nba/1610612760/primary/L/logo.svg,OKC
4,376.0,Alex Reese,25.0,2TM,PF,15.0,0.0,14.4,1.7,3.6,0.481,1.0,2.7,0.366,0.7,0.9,0.846,0.62,0.6,0.8,0.75,0.6,2.5,3.1,0.3,0.7,0.7,0.4,1.4,5.1,2025,25.0,216.0,14.0,0.641,0.759,0.222,4.5,20.8,12.3,2.6,2.3,4.5,9.2,13.2,0.3,0.2,0.5,0.109,-0.9,-0.3,-1.2,0.0,5.9,12.3,0.481,3.4,9.4,0.366,2.5,3.0,0.846,0.62,2.1,2.7,0.75,2.1,8.7,10.7,0.9,2.3,2.3,1.4,4.8,17.3,122.0,114.0,,https://cdn.nba.com/headshots/nba/latest/1040x760/1642024.png,,,
5,526.0,Alijah Martin,24.0,TOR,SG,23.0,0.0,6.3,0.7,2.2,0.32,0.2,0.9,0.19,0.5,1.3,0.414,0.36,0.7,0.8,0.789,0.4,0.5,0.9,0.5,0.3,0.2,0.3,0.5,2.2,2026,24.0,146.0,9.2,0.437,0.42,0.38,6.9,9.4,8.2,10.6,2.7,2.6,12.1,19.5,-0.2,0.2,0.0,0.015,-4.6,0.2,-4.3,-0.1,5.3,16.7,0.32,1.3,7.0,0.19,4.0,9.7,0.414,0.36,5.0,6.3,0.789,3.0,4.0,7.0,4.0,2.7,1.3,2.7,4.0,17.0,97.0,112.0,,https://cdn.nba.com/headshots/nba/latest/1040x760/1642918.png,Toronto Raptors,https://cdn.nba.com/logos/nba/1610612761/primary/L/logo.svg,TOR
6,556.0,Amari Williams,24.0,BOS,PF,22.0,2.0,6.6,0.5,0.9,0.5,0.0,0.0,0.0,0.5,0.9,0.5,0.5,0.5,0.6,0.714,0.4,1.4,1.8,0.5,0.1,0.5,0.5,0.9,1.4,2026,24.0,146.0,9.7,0.573,0.0,0.7,6.9,22.8,15.1,8.5,1.0,6.9,29.6,11.1,0.0,0.3,0.2,0.077,-5.0,2.9,-2.1,0.0,3.5,6.9,0.5,0.0,0.0,0.0,3.5,6.9,0.5,0.5,3.5,4.9,0.714,3.1,10.7,13.9,3.5,1.0,3.5,3.8,6.6,10.4,103.0,109.0,,https://cdn.nba.com/headshots/nba/latest/1040x760/1642873.png,Boston Celtics,https://cdn.nba.com/logos/nba/1610612738/primary/L/logo.svg,BOS
7,548.0,Anton Watson,24.0,NYK,SF,9.0,0.0,2.4,0.4,1.0,0.444,0.0,0.1,0.0,0.4,0.9,0.5,0.444,0.0,0.0,0.0,0.1,0.2,0.3,0.2,0.1,0.0,0.2,0.3,0.9,2025,24.0,22.0,5.9,0.444,0.111,0.0,5.3,10.3,7.8,12.8,2.3,0.0,18.2,21.7,-0.1,0.0,0.0,-0.07,-8.3,-1.8,-10.1,0.0,9.0,20.3,0.444,0.0,2.3,0.0,9.0,18.0,0.5,0.444,0.0,0.0,0.0,2.3,4.5,6.8,4.5,2.3,0.0,4.5,6.8,18.0,86.0,115.0,,https://cdn.nba.com/headshots/nba/latest/1040x760/1641817.png,New York Knicks,https://cdn.nba.com/logos/nba/1610612752/primary/L/logo.svg,NYK
8,524.0,Armel Traoré,22.0,LAL,SF,9.0,0.0,7.4,0.7,2.1,0.316,0.0,0.8,0.0,0.7,1.3,0.5,0.316,0.2,0.8,0.286,0.2,1.4,1.7,0.1,0.4,0.2,0.3,0.7,1.6,2025,22.0,67.0,3.5,0.317,0.368,0.368,3.5,21.2,12.6,2.0,2.9,2.8,12.0,16.4,-0.2,0.1,-0.1,-0.092,-9.5,-0.4,-9.8,-0.1,4.4,13.9,0.316,0.0,5.1,0.0,4.4,8.8,0.5,0.316,1.5,5.1,0.286,1.5,9.5,11.0,0.7,2.9,1.5,2.2,4.4,10.3,65.0,109.0,,https://cdn.nba.com/headshots/nba/latest/1040x760/1642422.png,Los Angeles Lakers,https://cdn.nba.com/logos/nba/1610612747/primary/L/logo.svg,LAL
9,400.0,Asa Newell,20.0,ATL,PF,44.0,2.0,11.4,2.1,3.8,0.538,0.7,1.7,0.387,1.4,2.1,0.66,0.624,0.4,0.7,0.552,1.0,1.2,2.2,0.6,0.4,0.3,0.5,1.5,5.2,2026,20.0,500.0,14.2,0.624,0.444,0.172,9.4,11.5,10.4,7.2,1.5,2.7,11.2,17.1,0.6,0.6,1.2,0.113,-1.0,-0.5,-1.5,0.1,8.6,16.0,0.538,2.7,7.1,0.387,5.9,8.9,0.66,0.624,1.5,2.7,0.552,4.2,4.9,9.1,2.5,1.5,1.4,2.2,6.1,21.4,120.0,115.0,,https://cdn.nba.com/headshots/nba/latest/1040x760/1642854.png,Atlanta Hawks,https://cdn.nba.com/logos/nba/1610612737/primary/L/logo.svg,ATL
10,303.0,Ben Saraf,19.0,BRK,SG,44.0,11.0,20.8,2.7,6.9,0.396,0.4,2.0,0.211,2.3,4.8,0.474,0.427,1.7,2.0,0.83,0.5,1.6,2.1,3.3,0.9,0.2,2.3,1.8,7.5,2026,19.0,916.0,7.8,0.486,0.297,0.29,2.4,9.7,5.8,24.5,2.1,0.8,22.5,21.0,-1.6,0.5,-1.1,-0.057,-5.6,-1.7,-7.3,-1.2,6.5,16.4,0.396,1.0,4.9,0.211,5.5,11.5,0.474,0.427,3.9,4.8,0.83,1.1,3.9,5.0,7.8,2.1,0.4,5.3,4.4,17.9,92.0,120.0,,https://cdn.nba.com/headshots/nba/latest/1040x760/1642879.png,Brooklyn Nets,https://cdn.nba.com/logos/nba/1610612751/primary/L/logo.svg,BRK
11,545.0,Brooks Barnhizer,23.0,OKC,SG,40.0,0.0,8.7,0.7,1.8,0.38,0.2,0.6,0.292,0.5,1.2,0.426,0.43,0.2,0.3,0.7,0.5,1.5,2.0,0.6,0.3,0.1,0.3,0.7,1.7,2026,23.0,348.0,7.9,0.451,0.338,0.141,6.2,17.7,12.2,7.8,1.5,1.4,11.7,10.6,-0.1,0.6,0.6,0.082,-4.1,1.0,-3.1,-0.1,3.8,9.9,0.38,1.0,3.3,0.292,2.8,6.5,0.426,0.43,1.0,1.4,0.7,2.6,8.2,10.8,3.1,1.5,0.7,1.4,3.8,9.4,104.0,108.0,,https://cdn.nba.com/headshots/nba/latest/1040x760/1642964.png,Oklahoma City Thunder,https://cdn.nba.com/logos/nba/1610612760/primary/L/logo.svg,OKC
12,489.0,CJ Huntley,24.0,PHO,SF,4.0,0.0,10.0,1.5,2.8,0.545,0.0,0.8,0.0,1.5,2.0,0.75,0.545,0.0,0.0,0.0,0.5,0.8,1.3,0.5,0.3,0.0,0.0,0.5,3.0,2026,24.0,40.0,10.9,0.545,0.273,0.0,5.4,8.6,6.9,7.1,1.2,0.0,0.0,11.7,0.1,0.0,0.1,0.099,-3.9,-0.5,-4.4,0.0,7.4,13.6,0.545,0.0,3.7,0.0,7.4,9.9,0.75,0.545,0.0,0.0,0.0,2.5,3.7,6.2,2.5,1.2,0.0,0.0,2.5,14.8,128.0,118.0,,https://cdn.nba.com/headshots/nba/latest/1040x760/1643047.png,Phoenix Suns,https://cdn.nba.com/logos/nba/1610612756/primary/L/logo.svg,PHO
13,200.0,Caleb Love,24.0,POR,SG,49.0,1.0,20.7,3.9,10.0,0.388,1.9,6.0,0.318,2.0,4.0,0.49,0.483,0.7,1.0,0.735,0.5,1.8,2.3,2.5,0.6,0.1,1.3,1.0,10.4,2026,24.0,1013.0,10.7,0.497,0.596,0.1,2.6,9.7,6.1,18.4,1.3,0.4,10.8,23.0,-0.1,0.8,0.6,0.031,-1.5,-1.6,-3.1,-0.3,9.0,23.1,0.388,4.4,13.8,0.318,4.6,9.3,0.49,0.483,1.7,2.3,0.735,1.2,4.2,5.4,5.8,1.3,0.2,2.9,2.3,24.0,106.0,118.0,,https://cdn.nba.com/headshots/nba/latest/1040x760/1631126.png,Portland Trail Blazers,https://cdn.nba.com/logos/nba/1610612757/primary/L/logo.svg,POR
14,443.0,Carter Bryant,20.0,SAS,PF,71.0,0.0,11.5,1.5,3.7,0.408,0.7,2.2,0.335,0.8,1.5,0.509,0.506,0.4,0.6,0.714,0.5,2.0,2.5,0.7,0.2,0.3,0.5,1.3,4.2,2026,20.0,818.0,9.9,0.526,0.585,0.158,5.1,17.9,11.7,7.5,0.9,2.5,10.4,16.3,0.1,1.2,1.3,0.076,-3.1,0.2,-3.0,-0.2,6.3,15.6,0.408,3.1,9.1,0.335,3.3,6.5,0.509,0.506,1.8,2.5,0.714,2.2,8.2,10.5,2.8,0.9,1.4,1.9,5.5,17.5,108.0,112.0,,https://cdn.nba.com/headshots/nba/latest/1040x760/1642868.png,San Antonio Spurs,https://cdn.nba.com/logos/nba/1610612759/primary/L/logo.svg,SAS
15,127.0,Cedric Coward,22.0,MEM,SG,62.0,47.0,25.8,4.9,10.5,0.471,1.5,4.4,0.338,3.4,6.0,0.568,0.542,2.3,2.7,0.843,1.3,4.5,5.9,2.8,0.6,0.4,1.7,2.0,13.6,2026,22.0,1598.0,15.3,0.585,0.424,0.256,5.5,19.4,12.3,16.0,1.2,1.6,12.7,21.5,1.4,1.1,2.5,0.076,0.4,-0.6,-0.2,0.7,9.0,19.2,0.471,2.8,8.2,0.338,6.3,11.1,0.568,0.542,4.2,4.9,0.843,2.5,8.3,10.8,5.1,1.2,0.8,3.1,3.7,25.0,114.0,119.0,,https://cdn.nba.com/headshots/nba/latest/1040x760/1642907.png,Memphis Grizzlies,https://cdn.nba.com/logos/nba/1610612763/primary/L/logo.svg,MEM
16,516.0,Chaz Lanier,24.0,DET,SG,34.0,0.0,7.7,0.8,2.6,0.315,0.6,2.0,0.284,0.3,0.6,0.409,0.421,0.1,0.2,0.833,0.2,0.4,0.7,0.5,0.2,0.0,0.1,0.4,2.4,2026,24.0,262.0,6.6,0.436,0.753,0.067,3.5,6.3,4.9,8.2,1.3,0.0,3.2,15.0,0.0,0.3,0.3,0.046,-3.8,-1.3,-5.1,-0.2,5.2,16.4,0.315,3.5,12.4,0.284,1.7,4.1,0.409,0.421,0.9,1.1,0.833,1.5,2.8,4.2,3.1,1.3,0.0,0.6,2.2,14.8,106.0,116.0,,https://cdn.nba.com/headshots/nba/latest/1040x760/1642404.png,Detroit Pistons,https://cdn.nba.com/logos/nba/1610612765/primary/L/logo.svg,DET
17,574.0,Chris Mañon,24.0,LAL,SG,9.0,0.0,5.1,0.2,0.7,0.333,0.0,0.3,0.0,0.2,0.3,0.667,0.333,0.3,0.4,0.75,0.2,0.9,1.1,0.3,0.6,0.2,0.1,0.7,0.8,2026,24.0,46.0,11.7,0.451,0.5,0.667,5.3,19.7,12.7,7.8,5.3,4.0,11.4,8.3,0.0,0.1,0.1,0.115,-4.6,4.7,0.1,0.0,2.1,6.4,0.333,0.0,3.2,0.0,2.1,3.2,0.667,0.333,3.2,4.2,0.75,2.1,8.5,10.6,3.2,5.3,2.1,1.1,6.4,7.4,111.0,106.0,,https://cdn.nba.com/headshots/nba/latest/1040x760/1643024.png,Los Angeles Lakers,https://cdn.nba.com/logos/nba/1610612747/primary/L/logo.svg,LAL
18,528.0,Chris Youngblood,23.0,2TM,SG,34.0,0.0,5.4,0.6,1.9,0.349,0.5,1.6,0.333,0.1,0.3,0.444,0.492,0.3,0.3,0.9,0.2,0.6,0.8,0.4,0.1,0.1,0.1,0.6,2.1,2026,23.0,185.0,10.4,0.527,0.857,0.159,4.3,11.8,8.2,8.5,1.0,1.6,2.9,16.2,0.2,0.3,0.5,0.117,-2.2,-0.1,-2.3,0.0,5.7,16.5,0.349,4.7,14.1,0.333,1.0,2.4,0.444,0.492,2.4,2.6,0.9,1.8,5.5,7.3,3.1,1.0,0.8,0.5,5.7,18.5,117.0,112.0,,https://cdn.nba.com/headshots/nba/latest/1040x760/1642959.png,,,
19,582.0,Chucky Hepburn,22.0,TOR,PG,2.0,0.0,6.5,0.0,3.0,0.0,0.0,2.5,0.0,0.0,0.5,0.0,0.0,0.0,0.0,0.0,0.0,0.5,0.5,1.0,0.5,0.0,0.5,1.0,0.0,2026,22.0,13.0,-13.5,0.0,0.833,0.0,0.0,8.8,4.4,17.4,3.8,0.0,14.3,23.1,-0.1,0.0,-0.1,-0.441,-20.7,-3.1,-23.8,-0.1,0.0,22.5,0.0,0.0,18.8,0.0,0.0,3.8,0.0,0.0,0.0,0.0,0.0,0.0,3.8,3.8,7.5,3.8,0.0,3.8,7.5,0.0,20.0,111.0,,https://cdn.nba.com/headshots/nba/latest/1040x760/1642935.png,Toronto Raptors,https://cdn.nba.com/logos/nba/1610612761/primary/L/logo.svg,TOR
20,263.0,Collin Murray-Boyles,20.0,TOR,PF,57.0,22.0,21.9,3.5,6.0,0.579,0.3,0.9,0.34,3.2,5.1,0.62,0.604,1.2,1.9,0.657,2.3,2.7,5.0,1.9,0.9,0.9,1.0,2.6,8.5,2026,20.0,1246.0,16.4,0.621,0.146,0.316,12.0,14.0,13.0,11.7,2.0,4.1,13.2,15.5,2.1,1.9,4.0,0.154,-0.5,1.5,1.0,1.0,7.7,13.4,0.579,0.7,2.0,0.34,7.1,11.4,0.62,0.604,2.8,4.2,0.657,5.2,5.9,11.2,4.1,2.0,2.1,2.3,5.8,18.9,125.0,112.0,,https://cdn.nba.com/headshots/nba/latest/1040x760/1642867.png,Toronto Raptors,https://cdn.nba.com/logos/nba/1610612761/primary/L/logo.svg,TOR
21,32.0,Cooper Flagg,19.0,DAL,SF,70.0,70.0,33.5,8.0,17.1,0.468,1.0,3.5,0.295,7.0,13.6,0.513,0.498,4.0,4.9,0.827,1.2,5.4,6.7,4.5,1.2,0.9,2.3,2.0,21.0,2026,19.0,2344.0,17.9,0.548,0.204,0.286,3.9,17.0,10.5,21.5,1.7,2.3,10.7,26.9,1.3,2.5,3.8,0.078,1.0,0.4,1.4,2.0,11.3,24.0,0.468,1.4,4.9,0.295,9.8,19.1,0.513,0.498,5.7,6.9,0.827,1.7,7.6,9.4,6.4,1.7,1.3,3.2,2.9,29.6,110.0,115.0,,https://cdn.nba.com/headshots/nba/latest/1040x760/1642843.png,Dallas Mavericks,https://cdn.nba.com/logos/nba/1610612742/primary/L/logo.svg,DAL
22,497.0,Curtis Jones,24.0,DEN,SG,10.0,0.0,8.8,1.1,2.7,0.407,0.6,1.8,0.333,0.5,0.9,0.556,0.519,0.1,0.2,0.5,0.2,0.9,1.1,1.0,0.4,0.0,0.2,0.6,2.9,2026,24.0,88.0,10.8,0.52,0.667,0.074,2.7,10.9,7.0,14.7,2.2,0.0,6.7,14.7,0.1,0.1,0.1,0.072,-3.0,-0.5,-3.5,0.0,6.1,15.0,0.407,3.3,10.0,0.333,2.8,5.0,0.556,0.519,0.6,1.1,0.5,1.1,5.0,6.1,5.5,2.2,0.0,1.1,3.3,16.1,115.0,118.0,,https://cdn.nba.com/headshots/nba/latest/1040x760/1642938.png,Denver Nuggets,https://cdn.nba.com/logos/nba/1610612743/primary/L/logo.svg,DEN
23,462.0,DaRon Holmes,23.0,DEN,PF,25.0,6.0,8.4,1.2,2.4,0.508,0.8,1.8,0.444,0.4,0.6,0.688,0.672,0.4,0.6,0.786,0.3,1.1,1.4,0.6,0.0,0.2,0.5,0.8,3.7,2026,23.0,210.0,13.4,0.692,0.738,0.23,4.5,13.8,9.3,10.2,0.2,2.7,15.2,16.4,0.3,0.1,0.4,0.103,0.7,-1.2,-0.5,0.1,7.2,14.2,0.508,4.6,10.5,0.444,2.6,3.7,0.688,0.672,2.6,3.3,0.786,1.9,6.3,8.1,3.7,0.2,1.4,2.8,4.4,21.6,124.0,120.0,,https://cdn.nba.com/headshots/nba/latest/1040x760/1641747.png,Denver Nuggets,https://cdn.nba.com/logos/nba/1610612743/primary/L/logo.svg,DEN
24,279.0,Damion Baugh,24.0,CHO,SG,15.0,2.0,24.7,2.8,8.7,0.323,0.8,3.7,0.214,2.0,4.9,0.405,0.369,0.9,1.0,0.867,0.9,2.4,3.3,3.7,1.0,0.1,2.1,1.5,7.3,2025,24.0,370.0,6.3,0.399,0.431,0.115,3.9,10.6,7.2,22.2,2.0,0.5,18.5,19.3,-0.8,0.2,-0.5,-0.069,-5.9,-1.2,-7.1,-0.5,5.6,17.3,0.323,1.6,7.4,0.214,4.0,9.8,0.405,0.369,1.7,2.0,0.867,1.9,4.8,6.6,7.4,2.0,0.3,4.1,2.9,14.5,87.0,118.0,,https://cdn.nba.com/headshots/nba/latest/1040x760/1641878.png,Charlotte Hornets,https://cdn.nba.com/logos/nba/1610612766/primary/L/logo.svg,CHO
25,247.0,Danny Wolf,21.0,BRK,PF,57.0,15.0,20.8,3.1,7.7,0.405,1.2,3.7,0.322,1.9,4.0,0.48,0.482,1.5,1.9,0.771,1.0,3.9,4.9,2.2,0.5,0.6,1.3,2.2,8.9,2026,21.0,1187.0,12.3,0.521,0.48,0.248,5.3,23.2,13.8,17.1,1.2,2.5,13.0,20.6,-0.2,1.0,0.8,0.032,-2.2,-0.3,-2.5,-0.2,7.4,18.3,0.405,2.8,8.8,0.322,4.6,9.5,0.48,0.482,3.5,4.5,0.771,2.4,9.3,11.7,5.3,1.2,1.3,3.0,5.2,21.2,105.0,118.0,,https://cdn.nba.com/headshots/nba/latest/1040x760/1642874.png,Brooklyn Nets,https://cdn.nba.com/logos/nba/1610612751/primary/L/logo.svg,BRK
26,498.0,David Jones García,24.0,SAS,SF,11.0,0.0,6.2,1.2,2.3,0.52,0.3,0.5,0.6,0.9,1.8,0.5,0.58,0.3,0.5,0.5,0.4,0.8,1.2,1.6,0.5,0.1,0.5,0.5,2.9,2026,24.0,68.0,20.9,0.579,0.2,0.24,6.5,13.8,10.3,37.2,4.2,1.3,15.3,20.2,0.1,0.1,0.3,0.205,2.6,3.8,6.4,0.1,9.2,17.7,0.52,2.1,3.5,0.6,7.1,14.1,0.5,0.58,2.1,4.2,0.5,2.8,6.4,9.2,12.7,4.2,0.7,3.5,4.2,22.6,123.0,106.0,,https://cdn.nba.com/headshots/nba/latest/1040x760/1642357.png,San Antonio Spurs,https://cdn.nba.com/logos/nba/1610612759/primary/L/logo.svg,SAS
27,172.0,Derik Queen,21.0,NOP,C,81.0,48.0,25.0,4.4,9.2,0.473,0.3,1.1,0.261,4.1,8.1,0.502,0.489,2.7,3.4,0.795,1.7,5.4,7.1,3.7,1.0,0.9,2.3,2.7,11.7,2026,21.0,2023.0,15.9,0.546,0.118,0.365,7.2,23.5,15.2,21.1,2.0,3.5,18.0,21.8,0.4,2.3,2.7,0.063,-1.5,0.7,-0.8,0.6,8.4,17.7,0.473,0.5,2.1,0.261,7.8,15.6,0.502,0.489,5.1,6.5,0.795,3.2,10.3,13.5,7.0,2.0,1.7,4.5,5.1,22.4,108.0,115.0,,https://cdn.nba.com/headshots/nba/latest/1040x760/1642852.png,New Orleans Pelicans,https://cdn.nba.com/logos/nba/1610612740/primary/L/logo.svg,NOP
28,340.0,Drake Powell,20.0,BRK,SG,63.0,24.0,21.0,2.3,5.7,0.402,0.8,2.9,0.28,1.5,2.8,0.528,0.473,1.1,1.2,0.896,0.3,1.4,1.8,1.4,0.6,0.2,1.0,1.4,6.5,2026,20.0,1320.0,7.3,0.521,0.508,0.215,1.8,8.4,4.9,10.3,1.3,1.0,13.3,14.9,-0.5,0.5,-0.1,-0.003,-4.6,-1.3,-6.0,-1.3,5.4,13.4,0.402,1.9,6.8,0.28,3.5,6.6,0.528,0.473,2.6,2.9,0.896,0.8,3.4,4.2,3.4,1.3,0.5,2.2,3.3,15.3,102.0,122.0,,https://cdn.nba.com/headshots/nba/latest/1040x760/1642962.png,Brooklyn Nets,https://cdn.nba.com/logos/nba/1610612751/primary/L/logo.svg,BRK
29,389.0,Dylan Cardwell,24.0,SAC,C,44.0,1.0,20.6,2.4,4.1,0.587,0.0,0.1,0.5,2.3,4.0,0.589,0.592,0.6,1.2,0.51,3.3,4.2,7.5,1.4,0.7,1.5,0.9,3.7,5.4,2026,24.0,907.0,15.8,0.591,0.022,0.285,17.6,23.5,20.5,9.2,1.6,6.8,16.2,11.3,1.4,0.9,2.3,0.122,-2.5,0.6,-1.9,0.0,5.6,9.5,0.587,0.1,0.2,0.5,5.5,9.3,0.589,0.592,1.4,2.7,0.51,7.8,9.9,17.7,3.3,1.6,3.6,2.1,8.6,12.7,127.0,116.0,,https://cdn.nba.com/headshots/nba/latest/1040x760/1642928.png,Sacramento Kings,https://cdn.nba.com/logos/nba/1610612758/primary/L/logo.svg,SAC
30,167.0,Dylan Harper,19.0,SAS,SG,69.0,4.0,22.6,4.8,9.5,0.505,0.9,2.6,0.343,3.9,6.9,0.565,0.551,1.3,1.7,0.756,0.8,2.6,3.4,3.9,0.8,0.3,1.4,2.0,11.8,2026,19.0,1558.0,16.2,0.574,0.271,0.181,3.8,12.1,8.1,24.7,1.7,1.4,12.3,21.8,2.0,2.2,4.2,0.13,0.3,1.1,1.4,1.3,10.2,20.2,0.505,1.9,5.5,0.343,8.3,14.7,0.565,0.551,2.8,3.7,0.756,1.7,5.5,7.2,8.2,1.7,0.7,3.1,4.3,25.1,117.0,113.0,,https://cdn.nba.com/headshots/nba/latest/1040x760/1642844.png,San Antonio Spurs,https://cdn.nba.com/logos/nba/1610612759/primary/L/logo.svg,SAS
31,202.0,Egor Dёmin,19.0,BRK,PG,52.0,45.0,25.2,3.4,8.6,0.399,2.4,6.2,0.385,1.1,2.4,0.433,0.537,1.0,1.3,0.831,0.4,2.8,3.2,3.3,0.8,0.3,1.7,1.8,10.3,2026,19.0,1308.0,11.3,0.561,0.717,0.145,1.8,13.5,7.3,20.7,1.6,1.2,15.3,18.8,0.1,0.7,0.9,0.032,-0.9,-0.7,-1.6,0.1,6.8,17.0,0.399,4.7,12.2,0.385,2.1,4.8,0.433,0.537,2.0,2.5,0.831,0.8,5.4,6.2,6.5,1.6,0.6,3.3,3.5,20.3,107.0,120.0,,https://cdn.nba.com/headshots/nba/latest/1040x760/1642856.png,Brooklyn Nets,https://cdn.nba.com/logos/nba/1610612751/primary/L/logo.svg,BRK
32,324.0,Ethan Thompson,26.0,IND,SG,32.0,13.0,20.4,2.3,6.1,0.378,1.2,3.6,0.328,1.1,2.5,0.45,0.474,1.2,1.5,0.787,0.5,1.6,2.2,1.8,0.6,0.3,0.8,2.2,7.0,2026,26.0,653.0,8.3,0.515,0.592,0.24,2.8,8.9,5.7,11.9,1.5,1.2,10.3,15.7,0.0,0.3,0.3,0.02,-4.1,-0.8,-4.9,-0.5,5.4,14.3,0.378,2.8,8.4,0.328,2.6,5.8,0.45,0.474,2.7,3.4,0.787,1.2,3.8,5.0,4.1,1.5,0.7,1.8,5.0,16.2,106.0,121.0,,https://cdn.nba.com/headshots/nba/latest/1040x760/1630679.png,Indiana Pacers,https://cdn.nba.com/logos/nba/1610612754/primary/L/logo.svg,IND
33,454.0,Hugo González,19.0,BOS,SF,74.0,3.0,14.6,1.6,3.3,0.476,0.6,1.6,0.362,1.0,1.8,0.577,0.561,0.2,0.4,0.5,0.8,2.5,3.3,0.5,0.6,0.3,0.5,1.7,3.9,2026,19.0,1084.0,10.2,0.561,0.472,0.106,6.4,18.3,12.5,4.8,2.0,2.0,12.9,11.8,0.5,1.7,2.2,0.099,-3.1,1.6,-1.5,0.1,5.5,11.5,0.476,2.0,5.4,0.362,3.5,6.1,0.577,0.561,0.6,1.2,0.5,2.9,8.6,11.5,1.9,2.0,1.0,1.8,5.8,13.5,114.0,111.0,,https://cdn.nba.com/headshots/nba/latest/1040x760/1642864.png,Boston Celtics,https://cdn.nba.com/logos/nba/1610612738/primary/L/logo.svg,BOS
34,514.0,Hunter Dickinson,25.0,NOP,C,5.0,0.0,8.4,1.0,2.8,0.357,0.0,0.8,0.0,1.0,2.0,0.5,0.357,0.4,0.4,1.0,0.4,0.6,1.0,0.4,0.2,0.4,0.6,1.2,2.4,2026,25.0,42.0,3.8,0.403,0.286,0.143,5.1,7.8,6.4,6.3,1.1,4.5,16.8,17.7,-0.1,0.0,-0.1,-0.094,-8.4,-2.9,-11.4,-0.1,5.7,15.9,0.357,0.0,4.6,0.0,5.7,11.4,0.5,0.357,2.3,2.3,1.0,2.3,3.4,5.7,2.3,1.1,2.3,3.4,6.8,13.7,82.0,121.0,,https://cdn.nba.com/headshots/nba/latest/1040x760/1630621.png,New Orleans Pelicans,https://cdn.nba.com/logos/nba/1610612740/primary/L/logo.svg,NOP
35,566.0,Hunter Sallis,22.0,PHI,SG,7.0,0.0,3.7,0.4,0.7,0.6,0.0,0.0,0.0,0.4,0.7,0.6,0.6,0.1,0.3,0.5,0.0,0.1,0.1,0.6,0.0,0.1,0.7,0.3,1.0,2026,22.0,26.0,2.0,0.595,0.0,0.4,0.0,4.2,2.1,20.6,0.0,3.6,46.0,17.7,-0.1,0.0,-0.1,-0.149,-7.7,-2.9,-10.6,-0.1,5.6,9.3,0.6,0.0,0.0,0.0,5.6,9.3,0.6,0.6,1.9,3.7,0.5,0.0,1.9,1.9,7.4,0.0,1.9,9.3,3.7,13.0,75.0,122.0,,https://cdn.nba.com/headshots/nba/latest/1040x760/1642282.png,Philadelphia 76ers,https://cdn.nba.com/logos/nba/1610612755/primary/L/logo.svg,PHI
36,523.0,Jack McVeigh,28.0,HOU,PF,9.0,0.0,4.8,0.6,1.9,0.294,0.4,1.4,0.308,0.1,0.4,0.25,0.412,0.0,0.0,0.0,0.2,0.3,0.6,0.1,0.0,0.2,0.2,0.3,1.6,2025,28.0,43.0,4.0,0.412,0.765,0.0,4.9,7.6,6.2,3.0,0.0,4.2,10.5,18.2,-0.1,0.0,0.0,-0.031,-4.8,-3.0,-7.7,-0.1,5.7,19.2,0.294,4.5,14.7,0.308,1.1,4.5,0.25,0.412,0.0,0.0,0.0,2.3,3.4,5.7,1.1,0.0,2.3,2.3,3.4,15.8,89.0,115.0,,https://cdn.nba.com/headshots/nba/latest/1040x760/1629098.png,Houston Rockets,https://cdn.nba.com/logos/nba/1610612745/primary/L/logo.svg,HOU
37,443.0,Jackson Rowe,28.0,GSW,PF,6.0,0.0,8.7,1.3,2.8,0.471,0.5,1.7,0.3,0.8,1.2,0.714,0.559,0.5,1.0,0.5,0.5,1.3,1.8,0.7,0.7,0.0,0.2,0.7,3.7,2025,28.0,52.0,15.9,0.56,0.588,0.353,6.0,17.0,11.4,11.1,3.7,0.0,4.8,16.7,0.1,0.1,0.2,0.153,-0.5,1.5,1.0,0.0,7.5,15.9,0.471,2.8,9.4,0.3,4.7,6.5,0.714,0.559,2.8,5.6,0.5,2.8,7.5,10.3,3.7,3.7,0.0,0.9,3.7,20.6,121.0,108.0,,https://cdn.nba.com/headshots/nba/latest/1040x760/1642050.png,Golden State Warriors,https://cdn.nba.com/logos/nba/1610612744/primary/L/logo.svg,GSW
38,578.0,Jahmyl Telfort,24.0,LAC,PF,8.0,0.0,4.0,0.0,0.5,0.0,0.0,0.5,0.0,0.0,0.0,0.0,0.0,0.1,0.5,0.25,0.0,0.4,0.4,0.1,0.1,0.0,0.1,0.6,0.1,2026,24.0,32.0,-5.3,0.087,1.0,1.0,0.0,10.6,5.5,3.7,1.6,0.0,14.8,9.4,-0.1,0.0,-0.1,-0.163,-12.1,-1.7,-13.8,-0.1,0.0,6.2,0.0,0.0,6.2,0.0,0.0,0.0,0.0,0.0,1.6,6.2,0.25,0.0,4.7,4.7,1.6,1.6,0.0,1.6,7.8,1.6,26.0,119.0,,https://cdn.nba.com/headshots/nba/latest/1040x760/1643141.png,LA Clippers,https://cdn.nba.com/logos/nba/1610612746/primary/L/logo.svg,LAC
39,539.0,Jalen Bridges,23.0,PHO,SF,8.0,0.0,3.8,0.3,0.9,0.286,0.3,0.9,0.286,0.0,0.0,0.0,0.429,0.4,0.5,0.75,0.0,0.5,0.5,0.0,0.0,0.0,0.5,0.0,1.1,2025,23.0,30.0,-0.1,0.514,1.0,0.571,0.0,14.5,7.4,0.0,0.0,0.0,31.3,18.8,-0.1,0.0,-0.1,-0.178,-7.8,-4.7,-12.5,-0.1,3.3,11.5,0.286,3.3,11.5,0.286,0.0,0.0,0.0,0.429,4.9,6.6,0.75,0.0,6.6,6.6,0.0,0.0,0.0,6.6,0.0,14.8,69.0,124.0,,https://cdn.nba.com/headshots/nba/latest/1040x760/1641779.png,Phoenix Suns,https://cdn.nba.com/logos/nba/1610612756/primary/L/logo.svg,PHO
40,311.0,Jamir Watkins,24.0,WAS,SG,50.0,7.0,20.6,2.6,5.9,0.446,0.9,3.2,0.297,1.7,2.8,0.616,0.525,1.1,1.6,0.695,1.0,2.9,3.9,1.3,1.1,0.5,0.8,2.6,7.4,2026,24.0,1032.0,11.8,0.554,0.534,0.277,5.0,15.4,10.1,8.8,2.5,2.1,10.8,15.1,0.5,0.5,1.1,0.049,-2.9,-0.5,-3.3,-0.3,6.1,13.6,0.446,2.2,7.3,0.297,3.9,6.3,0.616,0.525,2.6,3.8,0.695,2.2,6.7,8.9,3.1,2.5,1.1,1.8,5.9,16.9,113.0,120.0,,https://cdn.nba.com/headshots/nba/latest/1040x760/1642364.png,Washington Wizards,https://cdn.nba.com/logos/nba/1610612764/primary/L/logo.svg,WAS
41,430.0,Jase Richardson,20.0,ORL,SG,54.0,0.0,10.9,1.6,3.5,0.473,0.5,1.5,0.354,1.1,2.0,0.56,0.548,0.6,0.9,0.717,0.4,0.8,1.2,1.1,0.4,0.0,0.5,1.0,4.4,2026,20.0,587.0,11.5,0.574,0.42,0.245,4.0,8.1,6.0,14.2,1.6,0.3,10.7,16.8,0.5,0.5,1.0,0.082,-1.9,-0.7,-2.5,-0.1,7.3,15.4,0.473,2.3,6.5,0.354,5.0,8.9,0.56,0.548,2.7,3.8,0.717,1.7,3.4,5.2,4.7,1.6,0.2,2.0,4.3,19.6,116.0,118.0,,https://cdn.nba.com/headshots/nba/latest/1040x760/1642859.png,Orlando Magic,https://cdn.nba.com/logos/nba/1610612753/primary/L/logo.svg,ORL
42,223.0,Javon Small,23.0,MEM,PG,41.0,12.0,20.2,3.3,7.0,0.465,1.5,3.5,0.423,1.8,3.6,0.507,0.569,1.7,2.0,0.829,0.9,2.2,3.1,3.7,0.8,0.2,1.4,1.6,9.7,2026,23.0,830.0,16.1,0.611,0.493,0.285,4.6,12.2,8.3,26.1,1.9,1.0,14.7,19.0,1.4,0.5,1.9,0.112,1.7,-0.6,1.0,0.6,7.6,16.4,0.465,3.4,8.1,0.423,4.2,8.3,0.507,0.569,3.9,4.7,0.829,2.1,5.3,7.3,8.6,1.9,0.5,3.2,3.7,22.6,122.0,120.0,,https://cdn.nba.com/headshots/nba/latest/1040x760/1642914.png,Memphis Grizzlies,https://cdn.nba.com/logos/nba/1610612763/primary/L/logo.svg,MEM
43,562.0,Javonte Cooke,26.0,POR,SG,19.0,0.0,4.9,0.5,2.2,0.22,0.2,1.2,0.13,0.3,0.9,0.333,0.256,0.1,0.1,1.0,0.2,0.8,1.0,0.4,0.3,0.0,0.5,0.3,1.2,2026,26.0,94.0,-0.1,0.275,0.561,0.049,4.5,17.5,11.0,9.9,3.0,0.0,17.7,22.0,-0.5,0.1,-0.3,-0.175,-10.5,-1.1,-11.7,-0.2,4.6,20.8,0.22,1.5,11.7,0.13,3.0,9.1,0.333,0.256,1.0,1.0,1.0,2.0,7.6,9.7,3.6,3.0,0.0,4.6,3.0,11.7,63.0,112.0,,https://cdn.nba.com/headshots/nba/latest/1040x760/1631451.png,Portland Trail Blazers,https://cdn.nba.com/logos/nba/1610612757/primary/L/logo.svg,POR
44,384.0,Jaylen Martin,21.0,2TM,SF,16.0,0.0,14.9,1.9,4.6,0.419,0.4,1.4,0.304,1.5,3.2,0.471,0.466,0.6,0.6,0.9,0.7,2.1,2.8,1.1,0.6,0.0,0.8,0.9,4.9,2025,21.0,239.0,9.1,0.497,0.311,0.135,4.8,14.4,9.6,10.3,1.8,0.0,13.3,15.9,-0.1,0.1,0.0,-0.004,-4.5,-1.9,-6.3,-0.3,6.2,14.7,0.419,1.4,4.6,0.304,4.8,10.2,0.471,0.466,1.8,2.0,0.9,2.2,6.6,8.8,3.4,1.8,0.0,2.4,2.8,15.5,99.0,120.0,,https://cdn.nba.com/headshots/nba/latest/1040x760/1641798.png,,,
45,299.0,Jaylen Sims,26.0,CHO,SG,6.0,0.0,18.7,2.0,4.7,0.429,1.0,2.5,0.4,1.0,2.2,0.462,0.536,2.0,2.5,0.8,0.5,0.5,1.0,2.0,0.5,0.2,1.3,1.7,7.0,2025,26.0,112.0,9.8,0.607,0.536,0.536,2.8,2.9,2.9,15.6,1.3,0.9,18.8,16.2,0.1,0.0,0.1,0.048,-2.8,-1.3,-4.1,-0.1,5.3,12.3,0.429,2.6,6.6,0.4,2.6,5.7,0.462,0.536,5.3,6.6,0.8,1.3,1.3,2.6,5.3,1.3,0.4,3.5,4.4,18.4,113.0,121.0,,https://cdn.nba.com/headshots/nba/latest/1040x760/1631301.png,Charlotte Hornets,https://cdn.nba.com/logos/nba/1610612766/primary/L/logo.svg,CHO
46,528.0,Jazian Gortman,21.0,DAL,PG,16.0,0.0,3.6,0.6,1.4,0.391,0.3,0.7,0.364,0.3,0.8,0.417,0.478,0.1,0.3,0.5,0.1,0.3,0.3,0.4,0.1,0.1,0.3,0.6,1.5,2025,21.0,57.0,6.5,0.485,0.478,0.174,2.0,7.5,4.8,14.7,1.7,1.5,16.8,22.4,-0.1,0.0,-0.1,-0.056,-5.5,-0.8,-6.3,-0.1,7.6,19.5,0.391,3.4,9.3,0.364,4.2,10.2,0.417,0.478,1.7,3.4,0.5,0.8,3.4,4.2,5.1,1.7,0.8,4.2,7.6,20.4,91.0,118.0,,https://cdn.nba.com/headshots/nba/latest/1040x760/1641789.png,Dallas Mavericks,https://cdn.nba.com/logos/nba/1610612742/primary/L/logo.svg,DAL
47,110.0,Jeremiah Fears,19.0,NOP,PG,82.0,49.0,25.8,5.3,12.3,0.434,1.2,3.7,0.33,4.1,8.5,0.48,0.485,2.4,3.0,0.789,0.7,2.9,3.7,3.4,1.2,0.4,2.2,1.8,14.3,2026,19.0,2112.0,13.8,0.525,0.304,0.245,3.0,12.4,7.7,19.9,2.2,1.3,13.8,25.5,-0.8,1.4,0.6,0.015,-1.4,-1.3,-2.7,-0.4,9.9,22.8,0.434,2.3,6.9,0.33,7.6,15.9,0.48,0.485,4.4,5.6,0.789,1.4,5.4,6.8,6.3,2.2,0.7,4.0,3.4,26.5,104.0,119.0,,https://cdn.nba.com/headshots/nba/latest/1040x760/1642847.png,New Orleans Pelicans,https://cdn.nba.com/logos/nba/1610612740/primary/L/logo.svg,NOP
48,562.0,Jesse Edwards,24.0,MIN,C,2.0,0.0,2.5,0.0,0.0,0.0,0.0,0.0,0.0,0.0,0.0,0.0,0.0,0.0,0.0,0.0,0.0,0.0,0.0,0.5,0.0,0.0,0.0,1.0,0.0,2025,24.0,5.0,-0.1,0.0,0.0,0.0,0.0,0.0,0.0,23.6,0.0,0.0,0.0,0.0,0.0,0.0,0.0,0.111,-8.8,4.7,-4.0,0.0,0.0,0.0,0.0,0.0,0.0,0.0,0.0,0.0,0.0,0.0,0.0,0.0,0.0,0.0,0.0,0.0,9.9,0.0,0.0,0.0,19.7,0.0,237.0,120.0,,https://cdn.nba.com/headshots/nba/latest/1040x760/1642399.png,Minnesota Timberwolves,https://cdn.nba.com/logos/nba/1610612750/primary/L/logo.svg,MIN
49,453.0,Joan Beringer,19.0,MIN,PF,40.0,3.0,7.9,1.6,2.5,0.663,0.0,0.0,0.0,1.6,2.5,0.663,0.663,0.7,0.9,0.703,1.1,1.2,2.3,0.3,0.2,0.7,0.3,1.2,3.9,2026,19.0,314.0,21.3,0.683,0.0,0.378,16.1,16.1,16.1,5.6,1.1,7.2,8.8,16.8,1.0,0.5,1.5,0.222,0.2,0.2,0.4,0.2,9.9,14.9,0.663,0.0,0.0,0.0,9.9,14.9,0.663,0.663,4.0,5.6,0.703,6.8,7.1,14.0,1.8,1.1,4.0,1.7,7.1,23.7,139.0,111.0,,https://cdn.nba.com/headshots/nba/latest/1040x760/1642866.png,Minnesota Timberwolves,https://cdn.nba.com/logos/nba/1610612750/primary/L/logo.svg,MIN
50,513.0,John Tonje,24.0,BOS,SG,6.0,0.0,7.0,0.7,2.3,0.286,0.5,1.7,0.3,0.2,0.7,0.25,0.393,0.7,0.7,1.0,0.0,1.0,1.0,0.3,0.3,0.0,0.0,0.8,2.5,2026,24.0,42.0,9.1,0.476,0.714,0.286,0.0,15.4,7.9,6.1,2.4,0.0,0.0,16.3,0.0,0.1,0.1,0.101,-6.3,1.2,-5.1,0.0,4.8,16.9,0.286,3.6,12.1,0.3,1.2,4.8,0.25,0.393,4.8,4.8,1.0,0.0,7.2,7.2,2.4,2.4,0.0,0.0,6.0,18.1,114.0,112.0,,https://cdn.nba.com/headshots/nba/latest/1040x760/1642910.png,Boston Celtics,https://cdn.nba.com/logos/nba/1610612738/primary/L/logo.svg,BOS
51,570.0,Johni Broome,23.0,PHI,C,11.0,0.0,5.0,0.4,2.2,0.167,0.0,0.5,0.0,0.4,1.7,0.211,0.167,0.2,0.5,0.333,0.6,0.8,1.5,0.4,0.3,0.2,0.3,0.6,0.9,2026,23.0,55.0,0.4,0.188,0.208,0.25,13.7,18.1,15.9,9.2,2.6,3.4,10.1,22.8,-0.3,0.1,-0.2,-0.212,-11.9,-4.4,-16.2,-0.2,3.5,21.1,0.167,0.0,4.4,0.0,3.5,16.7,0.211,0.167,1.8,5.3,0.333,6.1,7.9,14.0,3.5,2.6,1.8,2.6,6.1,8.8,61.0,112.0,,https://cdn.nba.com/headshots/nba/latest/1040x760/1641780.png,Philadelphia 76ers,https://cdn.nba.com/logos/nba/1610612755/primary/L/logo.svg,PHI
52,427.0,Kam Jones,23.0,IND,SG,37.0,7.0,16.6,1.8,4.6,0.402,0.6,2.0,0.293,1.2,2.5,0.489,0.467,0.1,0.2,0.5,0.4,1.2,1.6,3.2,0.5,0.0,1.0,1.1,4.4,2026,23.0,616.0,8.2,0.47,0.444,0.047,2.6,8.1,5.3,26.2,1.4,0.0,17.3,14.4,-0.2,0.2,0.0,0.002,-4.2,-1.9,-6.2,-0.6,5.2,13.0,0.402,1.7,5.8,0.293,3.5,7.3,0.489,0.467,0.3,0.6,0.5,1.2,3.5,4.6,9.2,1.4,0.0,2.8,3.0,12.5,103.0,122.0,,https://cdn.nba.com/headshots/nba/latest/1040x760/1642880.png,Indiana Pacers,https://cdn.nba.com/logos/nba/1610612754/primary/L/logo.svg,IND
53,352.0,Kasparas Jakučionis,19.0,MIA,PG,53.0,12.0,17.8,1.9,4.5,0.429,1.2,2.9,0.423,0.7,1.5,0.439,0.567,1.1,1.2,0.879,0.8,1.8,2.6,2.6,0.6,0.1,0.9,1.9,6.2,2026,19.0,945.0,11.9,0.614,0.655,0.277,4.7,10.5,7.6,18.1,1.6,0.7,15.8,13.7,1.4,0.9,2.3,0.114,-1.0,0.6,-0.4,0.4,5.0,11.7,0.429,3.2,7.7,0.423,1.8,4.0,0.439,0.567,2.8,3.2,0.879,2.1,4.7,6.8,6.7,1.6,0.3,2.5,4.9,16.1,124.0,117.0,,https://cdn.nba.com/headshots/nba/latest/1040x760/1642857.png,Miami Heat,https://cdn.nba.com/logos/nba/1610612748/primary/L/logo.svg,MIA
54,185.0,Keion Brooks Jr.,24.0,NOP,SF,14.0,6.0,23.7,3.8,7.8,0.486,1.0,3.1,0.326,2.8,4.7,0.591,0.55,1.6,2.1,0.733,0.9,3.3,4.1,0.9,0.7,0.7,0.9,2.1,10.1,2025,24.0,332.0,12.8,0.581,0.394,0.275,3.8,15.4,9.4,5.7,1.5,2.9,8.9,17.1,0.3,0.1,0.4,0.057,-2.2,-1.3,-3.5,-0.1,7.7,15.9,0.486,2.0,6.3,0.326,5.7,9.6,0.591,0.55,3.2,4.4,0.733,1.8,6.7,8.5,1.9,1.5,1.5,1.8,4.4,20.7,114.0,120.0,,https://cdn.nba.com/headshots/nba/latest/1040x760/1631232.png,New Orleans Pelicans,https://cdn.nba.com/logos/nba/1610612740/primary/L/logo.svg,NOP
55,491.0,Khaman Maluach,19.0,PHO,C,46.0,1.0,8.9,1.2,2.3,0.533,0.1,0.5,0.238,1.1,1.8,0.607,0.557,0.5,0.7,0.71,1.1,1.8,2.9,0.1,0.1,0.7,0.5,0.9,3.0,2026,19.0,411.0,14.0,0.586,0.2,0.295,12.8,23.5,18.0,2.0,0.6,7.7,17.4,14.8,0.2,0.6,0.8,0.099,-3.7,0.0,-3.7,-0.2,6.7,12.6,0.533,0.6,2.5,0.238,6.1,10.1,0.607,0.557,2.6,3.7,0.71,5.9,10.1,16.0,0.7,0.6,4.0,3.0,5.2,16.7,112.0,111.0,,https://cdn.nba.com/headshots/nba/latest/1040x760/1642863.png,Phoenix Suns,https://cdn.nba.com/logos/nba/1610612756/primary/L/logo.svg,PHO
56,314.0,Kobe Sanders,23.0,LAC,SG,68.0,16.0,19.9,2.6,5.6,0.466,1.2,2.9,0.408,1.5,2.8,0.527,0.57,0.8,1.0,0.826,0.4,1.8,2.3,1.6,0.7,0.1,1.2,2.1,7.3,2026,23.0,1351.0,10.0,0.597,0.51,0.18,2.6,10.4,6.6,11.4,1.8,0.7,16.4,16.3,0.4,1.0,1.4,0.051,-2.7,-0.2,-2.9,-0.3,6.6,14.1,0.466,2.9,7.2,0.408,3.6,6.9,0.527,0.57,2.1,2.5,0.826,1.1,4.6,5.6,4.0,1.8,0.4,3.0,5.4,18.2,110.0,118.0,,https://cdn.nba.com/headshots/nba/latest/1040x760/1642920.png,LA Clippers,https://cdn.nba.com/logos/nba/1610612746/primary/L/logo.svg,LAC
57,456.0,Koby Brea,23.0,PHO,SG,12.0,0.0,7.0,1.3,3.0,0.417,1.1,2.5,0.433,0.2,0.5,0.333,0.597,0.2,0.2,1.0,0.1,0.6,0.7,0.8,0.1,0.0,0.3,0.5,3.8,2026,23.0,84.0,13.6,0.61,0.833,0.056,1.3,9.6,5.3,17.7,0.6,0.0,9.8,20.7,0.2,0.1,0.2,0.117,1.7,-1.4,0.2,0.0,8.8,21.2,0.417,7.6,17.6,0.433,1.2,3.5,0.333,0.597,1.2,1.2,1.0,0.6,4.1,4.7,5.9,0.6,0.0,2.4,3.5,26.5,123.0,120.0,,https://cdn.nba.com/headshots/nba/latest/1040x760/1642886.png,Phoenix Suns,https://cdn.nba.com/logos/nba/1610612756/primary/L/logo.svg,PHO
58,58.0,Kon Knueppel,20.0,CHO,SF,81.0,80.0,31.5,6.4,13.4,0.475,3.4,7.9,0.425,3.0,5.5,0.548,0.601,2.4,2.8,0.863,1.2,4.1,5.3,3.4,0.7,0.2,2.0,2.1,18.5,2026,20.0,2551.0,17.1,0.633,0.592,0.208,4.4,14.6,9.6,16.6,1.1,0.7,12.0,22.3,5.6,2.5,8.0,0.151,3.1,-0.4,2.8,3.1,10.0,21.1,0.475,5.3,12.5,0.425,4.7,8.6,0.548,0.601,3.8,4.4,0.863,1.9,6.5,8.4,5.3,1.1,0.4,3.1,3.3,29.1,125.0,116.0,,https://cdn.nba.com/headshots/nba/latest/1040x760/1642851.png,Charlotte Hornets,https://cdn.nba.com/logos/nba/1610612766/primary/L/logo.svg,CHO
59,465.0,Kylor Kelley,27.0,2TM,C,11.0,2.0,11.5,1.3,2.0,0.636,0.0,0.0,0.0,1.3,2.0,0.636,0.636,0.5,0.9,0.6,1.1,2.5,3.5,0.5,0.1,0.3,0.4,1.4,3.1,2025,27.0,126.0,12.1,0.644,0.0,0.455,10.4,23.4,16.8,5.3,0.4,2.1,13.2,10.3,0.2,0.1,0.3,0.102,-3.5,-1.9,-5.4,-0.1,5.4,8.5,0.636,0.0,0.0,0.0,5.4,8.5,0.636,0.636,2.3,3.8,0.6,4.6,10.4,15.0,1.9,0.4,1.2,1.5,5.8,13.1,129.0,118.0,,https://cdn.nba.com/headshots/nba/latest/1040x760/1630283.png,,,
60,518.0,Lachlan Olbrich,22.0,CHI,C,37.0,2.0,9.3,1.0,2.1,0.468,0.1,0.5,0.105,0.9,1.6,0.586,0.481,0.4,1.1,0.375,1.2,1.8,3.0,1.1,0.3,0.2,0.4,1.3,2.4,2026,22.0,344.0,12.0,0.47,0.247,0.519,14.1,20.4,17.3,15.8,1.6,2.0,14.5,13.4,0.2,0.3,0.5,0.075,-3.3,-0.2,-3.4,-0.1,4.9,10.5,0.468,0.3,2.6,0.105,4.6,7.9,0.586,0.481,2.0,5.4,0.375,6.1,9.1,15.2,5.7,1.6,1.1,2.2,6.7,12.1,113.0,116.0,,https://cdn.nba.com/headshots/nba/latest/1040x760/1642950.png,Chicago Bulls,https://cdn.nba.com/logos/nba/1610612741/primary/L/logo.svg,CHI
61,439.0,Liam McNeeley,20.0,CHO,SF,31.0,0.0,11.9,1.2,3.1,0.4,0.8,1.9,0.4,0.5,1.1,0.4,0.526,1.0,1.3,0.821,0.4,1.9,2.4,0.8,0.2,0.1,0.4,1.2,4.3,2026,20.0,368.0,10.6,0.588,0.632,0.411,4.1,18.1,11.2,8.7,0.7,0.8,10.4,14.4,0.5,0.4,0.9,0.112,-1.3,0.0,-1.3,0.1,5.1,12.8,0.4,3.2,8.1,0.4,1.9,4.7,0.4,0.526,4.3,5.3,0.821,1.8,8.1,9.8,3.2,0.7,0.4,1.8,4.9,17.8,124.0,116.0,,https://cdn.nba.com/headshots/nba/latest/1040x760/1642862.png,Charlotte Hornets,https://cdn.nba.com/logos/nba/1610612766/primary/L/logo.svg,CHO
62,555.0,Liam Robbins,25.0,MIL,C,13.0,0.0,4.4,0.2,0.6,0.25,0.0,0.2,0.0,0.2,0.5,0.333,0.25,0.4,0.8,0.5,0.5,0.4,0.9,0.2,0.2,0.2,0.5,0.7,0.7,2025,25.0,57.0,2.6,0.363,0.25,1.25,13.9,9.2,11.4,4.2,1.7,3.3,32.6,14.2,-0.1,0.1,-0.1,-0.066,-9.2,-1.3,-10.5,-0.1,1.7,6.8,0.25,0.0,1.7,0.0,1.7,5.1,0.333,0.25,4.2,8.5,0.5,5.9,4.2,10.2,1.7,1.7,1.7,5.1,7.6,7.6,79.0,114.0,,https://cdn.nba.com/headshots/nba/latest/1040x760/1641857.png,Milwaukee Bucks,https://cdn.nba.com/logos/nba/1610612749/primary/L/logo.svg,MIL
63,310.0,Marcus Bagley,23.0,PHI,SF,10.0,4.0,25.3,2.7,6.9,0.391,0.5,3.2,0.156,2.2,3.7,0.595,0.428,0.8,1.0,0.8,2.3,4.7,7.0,1.0,0.9,1.2,0.7,1.6,6.7,2025,23.0,253.0,11.8,0.456,0.464,0.145,9.9,21.9,15.7,5.5,1.8,4.7,8.7,13.8,0.0,0.2,0.2,0.045,-3.4,-0.9,-4.3,-0.1,5.3,13.4,0.391,1.0,6.2,0.156,4.3,7.2,0.595,0.428,1.6,1.9,0.8,4.5,9.2,13.6,1.9,1.8,2.3,1.4,3.1,13.1,105.0,115.0,,https://cdn.nba.com/headshots/nba/latest/1040x760/1630542.png,Philadelphia 76ers,https://cdn.nba.com/logos/nba/1610612755/primary/L/logo.svg,PHI
64,487.0,Mark Sears,23.0,MIL,PG,7.0,0.0,3.7,0.9,1.9,0.462,0.6,1.1,0.5,0.3,0.7,0.4,0.615,0.9,1.1,0.75,0.1,0.1,0.3,0.3,0.0,0.0,0.6,0.6,3.1,2026,23.0,26.0,15.2,0.666,0.615,0.615,4.4,4.3,4.3,12.5,0.0,0.0,19.5,34.9,0.0,0.0,0.0,0.013,2.4,-4.6,-2.2,0.0,11.3,24.6,0.462,7.6,15.1,0.5,3.8,9.5,0.4,0.615,11.3,15.1,0.75,1.9,1.9,3.8,3.8,0.0,0.0,7.6,7.6,41.6,109.0,127.0,,https://cdn.nba.com/headshots/nba/latest/1040x760/1641813.png,Milwaukee Bucks,https://cdn.nba.com/logos/nba/1610612749/primary/L/logo.svg,MIL
65,577.0,Max Shulga,23.0,BOS,SG,11.0,1.0,3.3,0.2,0.7,0.25,0.1,0.4,0.25,0.1,0.4,0.25,0.313,0.2,0.2,1.0,0.3,0.3,0.5,0.2,0.1,0.0,0.3,0.9,0.6,2026,23.0,36.0,0.2,0.394,0.5,0.25,9.4,9.0,9.2,6.8,1.4,0.0,25.3,14.3,-0.1,0.0,0.0,-0.038,-10.9,-0.5,-11.5,-0.1,2.8,11.2,0.25,1.4,5.6,0.25,1.4,5.6,0.25,0.313,2.8,2.8,1.0,4.2,4.2,8.4,2.8,1.4,0.0,4.2,14.1,9.8,85.0,116.0,,https://cdn.nba.com/headshots/nba/latest/1040x760/1642917.png,Boston Celtics,https://cdn.nba.com/logos/nba/1610612738/primary/L/logo.svg,BOS
66,147.0,Maxime Raynaud,22.0,SAC,C,74.0,56.0,26.5,5.2,9.1,0.571,0.3,1.0,0.324,4.9,8.1,0.601,0.589,1.8,2.3,0.786,1.9,5.6,7.5,1.4,0.5,0.5,1.3,2.3,12.5,2026,22.0,1964.0,16.0,0.619,0.11,0.25,7.9,24.3,15.8,7.6,0.9,1.8,11.2,18.2,2.6,1.0,3.6,0.088,-0.9,-1.6,-2.4,-0.2,9.4,16.5,0.571,0.6,1.8,0.324,8.8,14.7,0.601,0.589,3.3,4.1,0.786,3.5,10.2,13.7,2.5,0.9,1.0,2.3,4.2,22.7,120.0,121.0,,https://cdn.nba.com/headshots/nba/latest/1040x760/1642875.png,Sacramento Kings,https://cdn.nba.com/logos/nba/1610612758/primary/L/logo.svg,SAC
67,441.0,Micah Peavy,24.0,NOP,SG,61.0,4.0,15.0,1.7,4.5,0.385,0.5,1.8,0.259,1.3,2.7,0.467,0.436,0.4,0.5,0.759,0.8,1.2,1.9,1.0,0.7,0.1,0.3,1.6,4.3,2026,24.0,913.0,8.3,0.455,0.393,0.105,5.4,8.5,6.9,8.8,2.3,0.9,6.5,14.0,-0.1,0.5,0.4,0.02,-4.4,-0.8,-5.2,-0.7,5.6,14.4,0.385,1.5,5.7,0.259,4.1,8.8,0.467,0.436,1.2,1.5,0.759,2.4,3.7,6.1,3.2,2.3,0.5,1.0,5.0,13.7,105.0,120.0,,https://cdn.nba.com/headshots/nba/latest/1040x760/1642877.png,New Orleans Pelicans,https://cdn.nba.com/logos/nba/1610612740/primary/L/logo.svg,NOP
68,486.0,Miles Kelly,23.0,DAL,PG,14.0,0.0,9.6,1.1,3.1,0.364,0.7,2.4,0.303,0.4,0.8,0.545,0.477,0.1,0.1,1.0,0.4,1.4,1.7,0.9,0.3,0.1,0.4,0.9,3.1,2026,23.0,134.0,8.2,0.484,0.75,0.023,4.0,14.9,9.5,12.0,1.4,0.6,11.9,15.8,-0.1,0.1,0.0,0.013,-4.6,-0.5,-5.1,-0.1,5.6,15.5,0.364,3.5,11.6,0.303,2.1,3.9,0.545,0.477,0.4,0.4,1.0,1.8,6.7,8.4,4.2,1.4,0.4,2.1,4.2,15.1,100.0,118.0,,https://cdn.nba.com/headshots/nba/latest/1040x760/1642939.png,Dallas Mavericks,https://cdn.nba.com/logos/nba/1610612742/primary/L/logo.svg,DAL
69,493.0,Miles Norris,24.0,BOS,PF,3.0,0.0,11.7,0.7,3.0,0.222,0.7,2.3,0.286,0.0,0.7,0.0,0.333,0.3,0.7,0.5,0.7,2.3,3.0,0.0,0.7,0.3,0.0,0.0,2.3,2025,24.0,35.0,8.5,0.354,0.778,0.222,6.2,21.7,14.0,0.0,2.9,2.6,0.0,12.4,0.0,0.1,0.0,0.049,-2.3,0.4,-1.9,0.0,2.9,12.9,0.222,2.9,10.0,0.286,0.0,2.9,0.0,0.333,1.4,2.9,0.5,2.9,10.0,12.9,0.0,2.9,1.4,0.0,0.0,10.0,91.0,106.0,,https://cdn.nba.com/headshots/nba/latest/1040x760/1641936.png,Boston Celtics,https://cdn.nba.com/logos/nba/1610612738/primary/L/logo.svg,BOS
70,467.0,Mohamed Diawara,20.0,NYK,SF,69.0,7.0,9.2,1.3,3.1,0.423,0.7,1.9,0.369,0.6,1.2,0.506,0.535,0.3,0.3,0.75,0.2,1.1,1.4,0.8,0.2,0.1,0.4,0.7,3.6,2026,20.0,634.0,10.3,0.55,0.61,0.113,2.6,14.0,8.3,11.2,1.3,1.0,11.8,17.1,0.2,0.7,0.9,0.072,-1.8,0.1,-1.7,0.0,7.0,16.7,0.423,3.8,10.2,0.369,3.3,6.5,0.506,0.535,1.4,1.9,0.75,1.2,6.2,7.4,4.1,1.3,0.5,2.3,3.9,19.2,111.0,115.0,,https://cdn.nba.com/headshots/nba/latest/1040x760/1642885.png,New York Knicks,https://cdn.nba.com/logos/nba/1610612752/primary/L/logo.svg,NYK
71,418.0,Moussa Cisse,23.0,DAL,C,38.0,1.0,13.9,1.7,3.0,0.574,0.0,0.0,0.0,1.7,3.0,0.574,0.574,1.0,2.1,0.469,2.3,3.3,5.7,0.2,0.5,1.2,0.8,1.9,4.5,2026,23.0,530.0,16.0,0.564,0.0,0.704,17.9,25.2,21.6,2.3,1.7,7.2,16.6,14.3,0.4,0.9,1.3,0.116,-3.6,0.7,-2.9,-0.1,5.9,10.2,0.574,0.0,0.0,0.0,5.9,10.2,0.574,0.574,3.4,7.2,0.469,7.9,11.3,19.2,0.8,1.7,4.0,2.7,6.5,15.1,114.0,110.0,,https://cdn.nba.com/headshots/nba/latest/1040x760/1630619.png,Dallas Mavericks,https://cdn.nba.com/logos/nba/1610612742/primary/L/logo.svg,DAL
72,468.0,Myron Gardner,24.0,MIA,SF,45.0,7.0,9.1,1.3,2.7,0.48,0.6,1.4,0.406,0.7,1.3,0.559,0.585,0.4,0.6,0.731,0.9,1.8,2.7,1.0,0.4,0.2,0.4,1.7,3.6,2026,24.0,411.0,15.2,0.606,0.52,0.211,9.8,21.1,15.4,14.0,2.3,1.7,11.2,15.0,0.8,0.6,1.4,0.163,-1.1,1.9,0.9,0.3,6.7,13.9,0.48,2.9,7.2,0.406,3.7,6.7,0.559,0.585,2.1,2.9,0.731,4.4,9.4,13.8,5.0,2.3,0.9,1.9,8.8,18.4,127.0,111.0,,https://cdn.nba.com/headshots/nba/latest/1040x760/1642066.png,Miami Heat,https://cdn.nba.com/logos/nba/1610612748/primary/L/logo.svg,MIA
73,403.0,Nikola Topić,20.0,OKC,PG,10.0,2.0,16.0,2.2,5.1,0.431,0.6,1.5,0.4,1.6,3.6,0.444,0.49,0.2,0.5,0.4,0.7,1.2,1.9,4.4,0.5,0.0,2.5,1.3,5.2,2026,20.0,160.0,8.1,0.489,0.294,0.098,4.9,7.8,6.4,36.5,1.5,0.0,32.0,21.2,-0.3,0.2,0.0,-0.014,-5.3,-3.2,-8.4,-0.3,6.6,15.4,0.431,1.8,4.5,0.4,4.8,10.9,0.444,0.49,0.6,1.5,0.4,2.1,3.6,5.7,13.3,1.5,0.0,7.6,3.9,15.7,94.0,112.0,,https://cdn.nba.com/headshots/nba/latest/1040x760/1642260.png,Oklahoma City Thunder,https://cdn.nba.com/logos/nba/1610612760/primary/L/logo.svg,OKC
74,256.0,Nique Clifford,23.0,SAC,SG,75.0,28.0,25.1,3.3,7.9,0.418,1.0,3.1,0.333,2.3,4.9,0.471,0.482,0.9,1.3,0.722,0.9,2.9,3.8,2.4,0.9,0.3,1.5,2.1,8.6,2026,23.0,1882.0,9.0,0.505,0.388,0.163,3.8,13.3,8.4,13.0,1.7,1.2,15.4,17.0,-1.2,0.6,-0.6,-0.014,-3.7,-1.2,-4.9,-1.4,6.4,15.3,0.418,2.0,5.9,0.333,4.4,9.4,0.471,0.482,1.8,2.5,0.722,1.7,5.6,7.2,4.6,1.7,0.6,3.0,4.0,16.6,100.0,122.0,,https://cdn.nba.com/headshots/nba/latest/1040x760/1642363.png,Sacramento Kings,https://cdn.nba.com/logos/nba/1610612758/primary/L/logo.svg,SAC
75,580.0,Noa Essengue,19.0,CHI,PF,2.0,0.0,3.0,0.0,1.5,0.0,0.0,1.0,0.0,0.0,0.5,0.0,0.0,0.0,0.0,0.0,0.0,0.0,0.0,0.0,0.5,0.0,0.0,0.5,0.0,2026,19.0,6.0,-11.9,0.0,0.667,0.0,0.0,0.0,0.0,0.0,7.8,0.0,0.0,20.8,-0.1,0.0,-0.1,-0.417,-20.7,-3.0,-23.7,0.0,0.0,23.4,0.0,0.0,15.6,0.0,0.0,7.8,0.0,0.0,0.0,0.0,0.0,0.0,0.0,0.0,0.0,7.8,0.0,0.0,7.8,0.0,0.0,109.0,,https://cdn.nba.com/headshots/nba/latest/1040x760/1642855.png,Chicago Bulls,https://cdn.nba.com/logos/nba/1610612741/primary/L/logo.svg,CHI
76,458.0,Noah Penda,21.0,ORL,SF,59.0,2.0,12.8,1.4,3.4,0.404,0.5,1.6,0.323,0.9,1.9,0.473,0.478,0.6,0.8,0.688,1.1,2.0,3.2,1.2,0.5,0.3,0.7,1.2,3.8,2026,21.0,757.0,11.3,0.506,0.458,0.236,9.8,17.9,13.8,12.5,1.9,2.2,15.8,14.8,0.1,1.0,1.1,0.07,-2.0,0.6,-1.5,0.1,5.2,12.9,0.404,1.9,5.9,0.323,3.3,7.0,0.473,0.478,2.1,3.0,0.688,4.3,7.6,11.9,4.4,1.9,1.1,2.7,4.4,14.4,108.0,113.0,,https://cdn.nba.com/headshots/nba/latest/1040x760/1642869.png,Orlando Magic,https://cdn.nba.com/logos/nba/1610612753/primary/L/logo.svg,ORL
77,246.0,Nolan Traoré,19.0,BRK,PG,56.0,31.0,22.2,3.3,8.6,0.38,1.1,3.4,0.318,2.2,5.1,0.422,0.444,1.3,1.7,0.787,0.3,1.5,1.8,3.8,0.8,0.4,2.3,2.1,8.9,2026,19.0,1243.0,7.9,0.479,0.401,0.196,1.2,8.4,4.6,27.2,1.8,1.7,19.9,22.8,-2.3,0.6,-1.6,-0.063,-4.8,-2.0,-6.8,-1.5,7.2,19.1,0.38,2.4,7.6,0.318,4.8,11.4,0.422,0.444,2.9,3.7,0.787,0.6,3.4,3.9,8.5,1.8,0.9,5.1,4.7,19.9,93.0,120.0,,https://cdn.nba.com/headshots/nba/latest/1040x760/1642849.png,Brooklyn Nets,https://cdn.nba.com/logos/nba/1610612751/primary/L/logo.svg,BRK
78,526.0,Phillip Wheeler,22.0,PHI,PF,5.0,0.0,8.8,0.6,4.2,0.143,0.0,2.0,0.0,0.6,2.2,0.273,0.143,0.4,0.4,1.0,0.4,1.2,1.6,0.4,0.2,0.4,0.2,0.2,1.6,2025,22.0,44.0,-2.3,0.183,0.476,0.095,4.9,16.1,10.3,6.0,1.1,4.5,4.4,22.6,-0.3,0.0,-0.3,-0.283,-12.0,-6.2,-18.2,-0.2,3.4,23.5,0.143,0.0,11.2,0.0,3.4,12.3,0.273,0.143,2.2,2.2,1.0,2.2,6.7,9.0,2.2,1.1,2.2,1.1,1.1,9.0,51.0,118.0,,https://cdn.nba.com/headshots/nba/latest/1040x760/1630762.png,Philadelphia 76ers,https://cdn.nba.com/logos/nba/1610612755/primary/L/logo.svg,PHI
79,531.0,Quincy Olivari,23.0,LAL,PG,2.0,0.0,5.0,0.5,2.5,0.2,0.5,2.5,0.2,0.0,0.0,0.0,0.3,0.0,0.0,0.0,0.0,0.0,0.0,0.5,0.0,0.0,0.5,0.0,1.5,2025,23.0,10.0,-5.2,0.3,1.0,0.0,0.0,0.0,0.0,13.3,0.0,0.0,16.7,26.3,-0.1,0.0,-0.1,-0.3,-10.1,-8.5,-18.6,0.0,4.9,24.6,0.2,4.9,24.6,0.2,0.0,0.0,0.0,0.3,0.0,0.0,0.0,0.0,0.0,0.0,4.9,0.0,0.0,4.9,0.0,14.8,62.0,124.0,,https://cdn.nba.com/headshots/nba/latest/1040x760/1642439.png,Los Angeles Lakers,https://cdn.nba.com/logos/nba/1610612747/primary/L/logo.svg,LAL
80,433.0,Rasheer Fleming,21.0,PHO,PF,55.0,1.0,12.2,1.6,3.9,0.405,0.8,2.4,0.346,0.8,1.5,0.494,0.509,0.3,0.6,0.559,1.0,1.2,2.3,0.3,0.4,0.4,0.5,1.2,4.3,2026,21.0,673.0,10.2,0.517,0.605,0.158,9.1,11.4,10.2,3.3,1.6,3.0,11.2,16.3,0.0,0.8,0.8,0.055,-3.0,-0.7,-3.8,-0.3,6.4,15.8,0.405,3.3,9.5,0.346,3.1,6.2,0.494,0.509,1.4,2.5,0.559,4.2,4.9,9.1,1.2,1.6,1.5,2.1,4.7,17.5,107.0,115.0,,https://cdn.nba.com/headshots/nba/latest/1040x760/1642853.png,Phoenix Suns,https://cdn.nba.com/logos/nba/1610612756/primary/L/logo.svg,PHO
81,478.0,Reece Beekman,23.0,2TM,PG,36.0,4.0,13.0,1.0,3.0,0.327,0.2,1.1,0.175,0.8,1.9,0.418,0.36,0.4,0.6,0.762,0.4,0.7,1.1,1.8,0.9,0.1,0.6,1.0,2.6,2025,23.0,469.0,7.5,0.4,0.374,0.196,3.0,6.6,4.7,19.1,3.5,0.4,15.3,12.8,-0.4,0.5,0.1,0.01,-6.7,1.3,-5.4,-0.4,3.7,11.4,0.327,0.7,4.2,0.175,3.0,7.1,0.418,0.36,1.7,2.2,0.762,1.4,2.8,4.1,6.7,3.5,0.2,2.2,3.8,9.9,95.0,115.0,,https://cdn.nba.com/headshots/nba/latest/1040x760/1641736.png,,,
82,505.0,Rocco Zikarsky,19.0,MIN,C,5.0,0.0,7.2,1.0,1.6,0.625,0.0,0.0,0.0,1.0,1.6,0.625,0.625,0.8,0.8,1.0,0.4,2.4,2.8,0.4,0.0,1.0,0.2,0.6,2.8,2026,19.0,36.0,21.0,0.717,0.0,0.5,6.2,35.9,21.4,7.5,0.0,12.0,9.3,12.6,0.1,0.1,0.2,0.237,0.7,1.7,2.4,0.0,6.6,10.6,0.625,0.0,0.0,0.0,6.6,10.6,0.625,0.625,5.3,5.3,1.0,2.7,15.9,18.6,2.7,0.0,6.6,1.3,4.0,18.6,145.0,105.0,,https://cdn.nba.com/headshots/nba/latest/1040x760/1642911.png,Minnesota Timberwolves,https://cdn.nba.com/logos/nba/1610612750/primary/L/logo.svg,MIN
83,299.0,Ryan Kalkbrenner,24.0,CHO,C,69.0,31.0,21.4,3.2,4.2,0.753,0.0,0.1,0.0,3.2,4.1,0.766,0.753,1.2,1.7,0.716,2.4,3.0,5.5,0.8,0.5,1.5,0.9,1.6,7.6,2026,24.0,1479.0,17.9,0.762,0.017,0.399,13.0,15.7,14.4,5.2,1.1,6.3,15.3,11.6,3.6,2.1,5.7,0.185,0.5,1.3,1.8,1.4,7.3,9.8,0.753,0.0,0.2,0.0,7.3,9.6,0.766,0.753,2.8,3.9,0.716,5.6,7.0,12.6,1.8,1.1,3.4,2.1,3.6,17.5,142.0,112.0,,https://cdn.nba.com/headshots/nba/latest/1040x760/1641750.png,Charlotte Hornets,https://cdn.nba.com/logos/nba/1610612766/primary/L/logo.svg,CHO
84,336.0,Ryan Nembhard,22.0,DAL,PG,60.0,27.0,19.5,2.7,6.5,0.415,0.8,2.3,0.356,1.9,4.3,0.447,0.477,0.4,0.5,0.806,0.2,2.0,2.2,5.3,0.4,0.0,1.4,1.4,6.6,2026,22.0,1171.0,10.9,0.492,0.346,0.079,1.2,10.8,6.0,37.2,1.0,0.1,17.4,17.5,0.1,0.7,0.8,0.031,-2.4,-1.7,-4.1,-0.6,6.5,15.7,0.415,1.9,5.4,0.356,4.6,10.3,0.447,0.477,1.0,1.2,0.806,0.5,4.8,5.4,12.7,1.0,0.1,3.4,3.5,16.0,107.0,120.0,,https://cdn.nba.com/headshots/nba/latest/1040x760/1642948.png,Dallas Mavericks,https://cdn.nba.com/logos/nba/1610612742/primary/L/logo.svg,DAL
85,391.0,Sion James,23.0,CHO,SG,82.0,19.0,22.5,1.7,4.5,0.371,1.0,2.9,0.352,0.7,1.7,0.404,0.483,1.0,1.2,0.837,0.6,2.9,3.5,2.0,0.6,0.2,0.8,1.8,5.4,2026,23.0,1843.0,8.3,0.531,0.634,0.263,3.1,14.3,8.8,11.4,1.4,1.0,13.5,11.0,1.1,1.9,3.1,0.08,-3.0,1.1,-2.0,0.0,3.7,10.0,0.371,2.2,6.3,0.352,1.5,3.7,0.404,0.483,2.2,2.6,0.837,1.3,6.4,7.7,4.4,1.4,0.5,1.7,4.0,11.9,116.0,116.0,,https://cdn.nba.com/headshots/nba/latest/1040x760/1642883.png,Charlotte Hornets,https://cdn.nba.com/logos/nba/1610612766/primary/L/logo.svg,CHO
86,421.0,Taelon Peter,23.0,IND,SG,38.0,0.0,12.9,1.6,4.2,0.38,1.1,3.3,0.328,0.5,0.9,0.576,0.509,0.3,0.4,0.625,0.3,1.3,1.6,1.1,0.7,0.1,0.7,1.0,4.5,2026,23.0,492.0,8.6,0.518,0.791,0.101,2.2,11.1,6.5,11.2,2.5,0.7,14.1,16.6,-0.4,0.4,0.0,-0.001,-4.1,-0.4,-4.6,-0.3,5.8,15.3,0.38,4.0,12.1,0.328,1.8,3.2,0.576,0.509,1.0,1.5,0.625,1.0,4.7,5.7,3.9,2.5,0.4,2.6,3.7,16.5,98.0,118.0,,https://cdn.nba.com/headshots/nba/latest/1040x760/1643007.png,Indiana Pacers,https://cdn.nba.com/logos/nba/1610612754/primary/L/logo.svg,IND
87,155.0,Tre Johnson,19.0,WAS,SG,60.0,42.0,24.1,4.5,10.8,0.419,1.9,5.4,0.358,2.6,5.4,0.479,0.508,1.3,1.5,0.874,0.5,2.4,2.8,2.0,0.6,0.3,1.6,2.0,12.2,2026,19.0,1443.0,10.6,0.535,0.496,0.134,2.1,10.7,6.3,12.4,1.1,1.1,11.9,22.5,-0.6,-0.1,-0.7,-0.024,-2.1,-2.9,-5.0,-1.1,8.9,21.2,0.419,3.8,10.5,0.358,5.1,10.7,0.479,0.508,2.5,2.9,0.874,1.0,4.6,5.6,4.0,1.1,0.6,3.1,4.0,24.1,103.0,126.0,,https://cdn.nba.com/headshots/nba/latest/1040x760/1642848.png,Washington Wizards,https://cdn.nba.com/logos/nba/1610612764/primary/L/logo.svg,WAS
88,393.0,Tyrese Proctor,21.0,CLE,PG,50.0,1.0,10.9,1.9,4.5,0.413,0.9,2.6,0.351,0.9,1.9,0.5,0.516,0.8,0.9,0.889,0.2,1.1,1.3,1.5,0.5,0.0,0.8,1.2,5.4,2026,21.0,545.0,12.2,0.556,0.582,0.2,2.2,10.7,6.5,18.6,2.2,0.0,14.0,22.0,0.2,0.5,0.7,0.066,-2.3,-0.5,-2.8,-0.1,8.2,19.8,0.413,4.1,11.6,0.351,4.1,8.3,0.5,0.516,3.5,4.0,0.889,1.0,4.7,5.6,6.5,2.2,0.0,3.5,5.2,24.0,110.0,117.0,,https://cdn.nba.com/headshots/nba/latest/1040x760/1642878.png,Cleveland Cavaliers,https://cdn.nba.com/logos/nba/1610612739/primary/L/logo.svg,CLE
89,553.0,Ulrich Chomche,19.0,TOR,PF,7.0,0.0,4.6,0.3,0.7,0.4,0.0,0.0,0.0,0.3,0.7,0.4,0.4,0.1,0.3,0.5,0.6,0.6,1.1,0.3,0.0,0.1,0.3,0.7,0.7,2025,19.0,32.0,5.2,0.425,0.0,0.4,13.1,13.7,13.4,7.8,0.0,3.0,25.4,10.3,0.0,0.0,0.0,0.001,-6.1,-1.3,-7.4,0.0,3.0,7.5,0.4,0.0,0.0,0.0,3.0,7.5,0.4,0.4,1.5,3.0,0.5,6.0,6.0,12.0,3.0,0.0,1.5,3.0,7.5,7.5,96.0,118.0,,https://cdn.nba.com/headshots/nba/latest/1040x760/1642279.png,Toronto Raptors,https://cdn.nba.com/logos/nba/1610612761/primary/L/logo.svg,TOR
90,89.0,VJ Edgecombe,20.0,PHI,SG,75.0,75.0,35.0,6.0,13.7,0.438,2.0,5.6,0.354,4.0,8.1,0.496,0.51,2.0,2.4,0.818,1.6,4.0,5.6,4.2,1.4,0.5,1.8,2.9,16.0,2026,20.0,2623.0,14.0,0.54,0.409,0.176,5.0,12.7,8.8,17.4,2.0,1.4,11.0,20.1,1.9,2.5,4.4,0.081,-0.4,-0.1,-0.5,1.0,8.3,19.0,0.438,2.7,7.7,0.354,5.6,11.2,0.496,0.51,2.7,3.3,0.818,2.2,5.5,7.8,5.8,2.0,0.7,2.5,3.9,22.1,113.0,116.0,,https://cdn.nba.com/headshots/nba/latest/1040x760/1642845.png,Philadelphia 76ers,https://cdn.nba.com/logos/nba/1610612755/primary/L/logo.svg,PHI
91,573.0,Vladislav Goldin,24.0,MIA,C,9.0,0.0,2.7,0.3,0.4,0.75,0.0,0.0,0.0,0.3,0.4,0.75,0.75,0.1,0.1,1.0,0.3,0.7,1.0,0.3,0.0,0.3,0.3,0.6,0.8,2026,24.0,24.0,14.7,0.788,0.0,0.25,12.9,26.1,19.4,15.9,0.0,11.1,40.3,12.6,0.0,0.0,0.1,0.121,-5.0,4.5,-0.5,0.0,5.8,7.7,0.75,0.0,0.0,0.0,5.8,7.7,0.75,0.75,1.9,1.9,1.0,5.8,11.6,17.4,5.8,0.0,5.8,5.8,9.7,13.5,115.0,109.0,,https://cdn.nba.com/headshots/nba/latest/1040x760/1642884.png,Miami Heat,https://cdn.nba.com/logos/nba/1610612748/primary/L/logo.svg,MIA
92,292.0,Walter Clayton,22.0,2TM,PG,69.0,6.0,20.4,2.6,6.7,0.384,1.1,3.5,0.307,1.5,3.1,0.47,0.465,1.6,1.8,0.901,0.4,1.7,2.0,4.0,0.6,0.3,1.7,1.7,7.8,2026,22.0,1410.0,10.3,0.523,0.529,0.262,1.9,8.9,5.3,26.6,1.5,1.3,18.4,18.5,0.0,0.3,0.3,0.009,-2.2,-2.1,-4.3,-0.8,5.9,15.4,0.384,2.5,8.2,0.307,3.4,7.3,0.47,0.465,3.6,4.0,0.901,0.8,3.8,4.6,9.3,1.5,0.6,3.9,4.0,18.0,106.0,123.0,,https://cdn.nba.com/headshots/nba/latest/1040x760/1642383.png,,,
93,345.0,Will Richard,23.0,GSW,SG,69.0,21.0,20.0,2.3,5.0,0.468,1.0,3.1,0.335,1.3,1.9,0.679,0.571,0.7,0.8,0.852,1.0,1.5,2.5,1.3,1.2,0.1,0.8,1.9,6.4,2026,23.0,1377.0,11.0,0.596,0.613,0.156,5.3,8.7,7.0,9.3,2.8,0.6,12.5,13.0,1.2,1.4,2.5,0.089,-2.5,0.9,-1.7,0.1,5.7,12.2,0.468,2.5,7.5,0.335,3.2,4.7,0.679,0.571,1.6,1.9,0.852,2.4,3.7,6.1,3.3,2.8,0.3,1.9,4.6,15.5,118.0,116.0,,https://cdn.nba.com/headshots/nba/latest/1040x760/1642954.png,Golden State Warriors,https://cdn.nba.com/logos/nba/1610612744/primary/L/logo.svg,GSW
94,204.0,Will Riley,19.0,WAS,SF,74.0,18.0,22.1,3.7,8.4,0.439,1.1,3.3,0.316,2.6,5.0,0.52,0.502,1.9,2.4,0.8,0.8,2.1,2.9,2.0,0.7,0.1,1.3,1.2,10.3,2026,19.0,1633.0,12.1,0.548,0.4,0.291,3.6,10.4,7.0,12.7,1.6,0.5,11.9,20.2,0.4,0.0,0.4,0.012,-1.9,-2.6,-4.5,-1.0,7.9,17.9,0.439,2.3,7.2,0.316,5.6,10.8,0.52,0.502,4.2,5.2,0.8,1.6,4.5,6.1,4.2,1.6,0.3,2.7,2.6,22.2,109.0,125.0,,https://cdn.nba.com/headshots/nba/latest/1040x760/1642860.png,Washington Wizards,https://cdn.nba.com/logos/nba/1610612764/primary/L/logo.svg,WAS
95,524.0,Yang Hansen,20.0,POR,C,43.0,1.0,7.0,0.7,2.3,0.31,0.1,1.0,0.119,0.6,1.3,0.448,0.335,0.7,0.8,0.824,0.5,1.1,1.5,0.5,0.1,0.2,0.7,1.0,2.2,2026,20.0,300.0,3.7,0.413,0.42,0.34,7.1,16.8,11.9,9.8,0.5,3.0,21.8,19.9,-0.8,0.3,-0.5,-0.075,-8.9,-0.6,-9.5,-0.6,4.9,15.9,0.31,0.8,6.7,0.119,4.1,9.2,0.448,0.335,4.5,5.4,0.824,3.2,7.3,10.5,3.5,0.5,1.6,5.1,6.8,15.1,84.0,116.0,,https://cdn.nba.com/headshots/nba/latest/1040x760/1642905.png,Portland Trail Blazers,https://cdn.nba.com/logos/nba/1610612757/primary/L/logo.svg,POR
96,436.0,Yanic Konan Niederhäuser,22.0,LAC,C,41.0,0.0,10.3,1.6,2.4,0.64,0.0,0.1,0.2,1.5,2.3,0.663,0.645,1.1,1.5,0.758,0.9,2.0,2.9,0.3,0.1,0.7,0.6,1.6,4.3,2026,22.0,424.0,16.4,0.691,0.05,0.62,10.4,21.4,16.0,4.1,0.6,6.7,15.3,15.7,0.8,0.5,1.3,0.152,-2.6,0.4,-2.2,0.0,7.5,11.7,0.64,0.1,0.6,0.2,7.4,11.1,0.663,0.645,5.5,7.3,0.758,4.3,9.4,13.7,1.4,0.6,3.5,2.7,7.7,20.6,128.0,114.0,,https://cdn.nba.com/headshots/nba/latest/1040x760/1642949.png,LA Clippers,https://cdn.nba.com/logos/nba/1610612746/primary/L/logo.svg,LAC
97,540.0,Yuri Collins,23.0,GSW,PG,2.0,0.0,8.0,0.5,1.5,0.333,0.0,0.0,0.0,0.5,1.5,0.333,0.333,0.0,0.0,0.0,1.0,0.5,1.5,2.0,1.0,0.0,0.0,2.5,1.0,2025,23.0,16.0,13.9,0.333,0.0,0.0,13.1,6.9,10.1,31.9,6.1,0.0,0.0,7.9,0.0,0.0,0.1,0.214,-6.2,6.5,0.3,0.0,3.0,9.1,0.333,0.0,0.0,0.0,3.0,9.1,0.333,0.333,0.0,0.0,0.0,6.1,3.0,9.1,12.2,6.1,0.0,0.0,15.2,6.1,141.0,105.0,,https://cdn.nba.com/headshots/nba/latest/1040x760/1641879.png,Golden State Warriors,https://cdn.nba.com/logos/nba/1610612744/primary/L/logo.svg,GSW
